{"bin_edges": [1, 0.6603773584905661, 0.3225806451612908, 0.0], "coefs": [[1.5405076360511454, 1.4841237280218902, 4.763338494996136, -3.144799340668105, 1.14005164735745, 6.225238290984896], [-0.679484526621969, -1.4065967151145675, -0.2079728852650993, 0.4106494021662288, -0.3658398025752519, -0.13934409850054805], [1.945176130140738, -0.6849973391593862, -1.261169763395372, 2.78468215906124, -3.02061831294257, -1.942611259979484]], "intercepts": [[-1.1352284254223997, -1.2518824247210278, -3.264435344287098, 2.32685108992509, -0.9953241535708314, -4.257181060767832], [0.1707129192577162, 0.47270620800916796, -0.5014395420701034, 0.27037271996498596, -0.08760956038504406, -0.7196902267397062], [-0.2792220118247447, 0.35484704898307395, 0.13879147716619292, -0.6457655276165055, 0.8003240638398381, 0.21801752317587564]], "y_means": [1.6238630069141695, 0.8231164839626017, 3.823338144710055, -0.25370974879953323, -15.829633082951014, 3.4753360437001577], "y_scales": [5.018134139566118, 3.073048724353325, 5.618474985341582, 0.19289037760863192, 3.1353662611646063, 0.5286401284963929], "y_lambdas": [0.9827639403364741, 0.7933656598573923, 0.8173762224789782, 2.677190239718507, 0.724746073466556, 0.08457260828704892]}