{"X_means": [1.6238630069141695, 0.8231164839626017, 3.823338144710055, -0.25370974879953323, -15.829633082951014, 3.4753360437001577, 1.326769179603061, 3.373613678196588, 0.5680247219246856], "X_scales": [5.018134139566118, 3.073048724353325, 5.618474985341582, 0.19289037760863192, 3.1353662611646063, 0.5286401284963929, 0.008372332616081123, 0.17019913411981105, 2.7390141413550104e-05], "X_lambdas": [0.9827639403364741, 0.7933656598573923, 0.8173762224789782, 2.677190239718507, 0.724746073466556, 0.08457260828704892, -0.6690349512441142, 0.307049014520516, -1.7602179231577464], "y_means": [-872.2156955208369, 52.18962648369415, -10.841932046967312, -118.20079458922234, 13.05969179600162, -69.89981289738105, 76.3752867623593, -6.196923479119409], "y_scales": [3205.4484251805334, 1002.5308612382232, 826.8120360263471, 471.0375986162061, 400.537161144633, 324.23280614001055, 296.8362685386346, 279.24900237187984], "y_lambdas": [0.9532363995796873, 1.0110789209580837, 0.9971110107618312, 0.9381566961510394, 1.0082431914933507, 0.9430695277980002, 1.0692093740960884, 0.9935447244340921], "coefs": [[0.006208676415689599, 0.023654661428416653, 0.16089201344561652, -0.09508930644850659, -0.009120629799500924, 0.6598435620351345, -0.020705230237290657, -0.007614136037551214, 0.00030467812194917164, 0.0], [-0.13696086266419677, 0.057994676504679196, 0.09606124216621316, 0.4734494589133677, -0.052032241886717935, 0.15393864217000253, -0.1342833074511975, -0.010011851642430323, -0.20533528698211362, 0.0], [-0.05681498040396742, 0.026292813738801702, -0.047221238759133644, -0.20984775147825036, 0.0876066544741754, -0.08151997030820826, -0.31200669491394517, -0.2078650123070042, -0.1125112198663477, 0.0], [0.39263066990698503, 0.2637110332627527, -0.05116686735864302, -0.05189261211173042, -0.06472027083958592, -0.09083141983723872, -0.10013011377194765, -0.035271888683864445, -0.05697914762518537, 0.0], [-0.05744426863728661, -0.03705994494613894, 0.14143331106510984, -0.11655967920346752, -0.030158477439673675, -0.1955043883467393, 0.18120796082209803, 0.015981551891806316, -0.02764482903072872, 0.0], [-0.1612489185885293, 0.2037633209735787, -0.08221946716028097, 0.06578726318019903, 0.04919967838371613, 0.04954833141217114, -0.02857898664570389, 0.08448356152762655, 0.16444391945653516, 0.0], [0.15651783738740951, 0.08361449604413586, -0.09332941356849571, 0.02006268304501946, -0.03885537727674813, 0.07712388036001132, -0.05000472499606528, 0.08466336274286526, 0.016253401470928477, 0.0], [0.18465917605480384, -0.17621050713264771, -0.10502446071841737, 0.08150982139003937, -0.04874701261026109, 0.007556760375249394, -0.07499100066410241, 0.012529520153186174, 0.06155930152078959, 0.0]], "intercepts": [-8.036011865149392e-16, 1.7257852443757922e-13, 9.320425933755962e-14, 4.767880032190487e-14, 2.4461343237794448e-14, -1.3925000729973828e-13, -1.3960035620174328e-14, -5.239236710252324e-14]}